organization,code,postalStreet,postalCity,postalState,postalZipCode,postalCountry,phone,firstName,lastName,correspondent
BLM Alaska State Office,BLM-Alaska,222 W 7th Avenue #13,Anchorage,AK,99513,,(907) 271-3684,,,
BLM Anchorage Field Office,BLM-Anchorage,4700 BLM Road,Anchorage,AK,99507,,(907) 267-1246,,,
BLM Arcata Field Office,BLM-Arcata,1695 Heindon Road,Arcata,CA,95521,,(707) 825-2316,Jennifer,Wheeler,Yes
BLM Arizona Strip Field Office,BLM-ArizonaStrip,345 E. Riverside Drive,St. George,UT,84790-6714,,(435) 688-3200,,,
BLM Bakersfield Field Office,BLM-Bakersfield,35126 McMurtey Ave.,Bakersfield,CA,93308,,(661) 391-6000,,,
BLM Bishop Field Office,BLM-Bishop,"351 Pacu Lane, Suite 100",Bishop,CA,93514,,(760) 872-5000,Martin,Oliver,Yes
BLM Burns District Office,BLM-Burns,28910 Hwy 20 West,Hines,OR,97738,,(541) 573-4400,,,
BLM Eagle Lake Field Office,BLM-EagleLake,2550 Riverside Drive,Susanville,CA,96130,,(530) 257-0456,,,
BLM Goodwin Education Center,BLM-GoodwinEducationCenter,,,,,,,,,
BLM Grand Junction,BLM-GrandJunction,2815 H Road,Grand Junction,CO,81506,,(970) 244-3000,,,
BLM Kotzebue Field Station,BLM-Kotzebue,,,,,,,,,
BLM Las Vegas District Office,BLM-LasVegas,4701 North Torrey Pines Drive,Las Vegas,NV,89130,,(702) 515-5000,,,
BLM Boise District Office,BLM-Boise,3948 Development Ave,Boise,ID,83705,,(208) 384-3300,,,
BLM Phoenix District Office,BLM-Phoenix,2020 E Bell Rd,Phoenix,AZ,85022,,(602) 867-5400,,,
BLM Redding Field Office,BLM-Redding,6640 Lockheed Drive,Redding,CA,96002,,(530) 224-2100,,,
BLM Uncompahgre Field Office,BLM-Uncompahgre,2465 S. Townsend Ave.,Montrose,CO,81401,,(970) 240-5300,,,
BLM Utah State Office,BLM-Utah,"440 West 200 South, Ste. 500",Salt Lake City,UT,81401,,(801) 539-4001,Aaron,Roe,Yes
BLM Wenatchee Field Office,BLM-Wenatchee,"915 N, Walla Walla",Wenatchee,WA,98801,,(509) 665-2100,Molly,Boyter,Yes
BLM Upper Willamette Field Office,BLM-UpperWillamette,"3106 Pierce Parkway, Suite E",Springfield,OR,97477,,(541) 683-6600,,,
BLM Medford District Office,BLM-Medford,3040 Biddle Road,Medford,OR,97504,,(541) 618-2200,,,
